,Feature,Importance
5,CGPA,0.47583875
0,GRE,0.17355686
3,SOP,0.08248002
1,TOEFL,0.07292942
6,Research,0.07281272
4,LOR,0.061939117
2,Rating,0.06044315
